employee_id,first_name,last_name,email,phone_number,hire_date,department,job_title,salary,currency,employment_status,manager_id,is_active,skills,address_street,address_city,address_state,address_postal_code,address_country,emergency_contact_name,emergency_contact_relationship,emergency_contact_phone,emergency_contact_email
2a0431bb-ba98-4d1c-8abd-6dc989582c65,Aditya,Verma,aditya.verma1@tc.com,9876516940,2025-02-28,Engineering,Full Stack Engineer,839105,INR,Full-time,M572159,True,"PostgreSQL,Docker,Kubernetes,MySQL","474, Tech Park Avenue, Sector 11",Mumbai,Maharashtra,400076,India,Vikram Verma,Parent,9986599604,emergency1@example.com
91ffe6ba-1453-46c7-bf38-812f1ac5dec4,Sanjay,Nair,sanjay.nair2@tc.com,9876593240,2025-05-26,Cloud Infrastructure,Cloud Engineer,1677443,USD,Intern,M941010,True,"Terraform,SQL,Java,PostgreSQL,Kafka","253, Tech Park Avenue, Sector 6",Delhi,Delhi,110001,India,Sanjay Nair,Parent,9986594682,emergency2@example.com
99518bd9-c3c3-4ea9-a4c8-bc1eed3d6bb9,Aditya,Singh,aditya.singh3@tc.com,9876544315,2024-10-14,DevOps,DevOps Engineer,1737470,EUR,Part-time,M103935,False,"Kubernetes,SQL,GCP,Spring Boot","16, Tech Park Avenue, Sector 17",Pune,Maharashtra,411057,India,Sanjay Singh,Parent,9986576514,emergency3@example.com
7a1e7778-4120-4859-86a5-6e011b3c55fa,Sanjay,Jain,sanjay.jain4@tc.com,9876543245,2020-09-09,Engineering,DevOps Engineer,1514356,EUR,Part-time,M167113,True,"AWS,Python,Java,Docker","358, Tech Park Avenue, Sector 6",Bengaluru,Karnataka,560100,India,Vijay Jain,Sibling,9986574396,emergency4@example.com
703d4bb2-fa97-459c-bc76-3e973c3f5991,Nikhil,Nair,nikhil.nair5@tc.com,9876586853,2021-06-08,Information Security,DevOps Engineer,1967681,INR,Contract,M582567,True,"Kubernetes,Docker,Django","176, Tech Park Avenue, Sector 20",Delhi,Delhi,110001,India,Arjun Nair,Parent,9986566775,emergency5@example.com
18e67cbe-4941-4a91-9247-9c6127755808,Priya,Verma,priya.verma6@tc.com,9876546144,2020-01-27,Data Engineering,Senior Software Engineer,426155,EUR,Full-time,M372664,False,"Django,GCP,MySQL,Python,Kubernetes","207, Tech Park Avenue, Sector 13",Bengaluru,Karnataka,560100,India,Rohan Verma,Sibling,9986543001,emergency6@example.com
3d3b502c-074b-40cd-9293-6273e2b3330c,Sneha,Nair,sneha.nair7@tc.com,9876541987,2024-08-24,DevOps,Data Engineer,648959,USD,Intern,M544311,True,"GCP,MySQL,PostgreSQL,Spring Boot","396, Tech Park Avenue, Sector 2",Delhi,Delhi,110001,India,Amit Nair,Friend,9986510227,emergency7@example.com
da2d7727-88bf-43fe-b020-ab2494d26faf,Sneha,Verma,sneha.verma8@tc.com,9876569393,2020-10-04,Platform,Software Engineer,1085228,INR,Full-time,M664367,True,"Spring Boot,Kafka,Kubernetes,MySQL","190, Tech Park Avenue, Sector 11",Hyderabad,Telangana,500081,India,Sneha Verma,Sibling,9986555428,emergency8@example.com
32ab0f6f-693c-40c3-8a47-80c99c0ed522,Arjun,Kumar,arjun.kumar9@tc.com,9876542648,2023-04-04,Information Security,Data Engineer,1494067,USD,Intern,M835583,False,"Python,MySQL,Docker,Kafka","13, Tech Park Avenue, Sector 16",Delhi,Delhi,110001,India,Aditya Kumar,Parent,9986513078,emergency9@example.com
6a4b36b6-8877-483e-9708-4a0061028fc7,,Iyer,nikhil.iyer10@tc.com,9876588359,2022-12-15,Platform,DevOps Engineer,2113930,EUR,Full-time,M190763,False,"Java,GCP,Kafka,PostgreSQL,Django","107, Tech Park Avenue, Sector 7",Delhi,Delhi,110001,India,Vijay Iyer,Friend,9986535341,emergency10@example.com
f101cdc9-941b-44c7-aee0-8ca7be1846e0,Deepak,Joshi,deepak.joshi11@tc.com,9876591278,2019-08-08,Information Security,Full Stack Engineer,1839793,USD,Contract,M297082,False,"Spring Boot,AWS,Java,PostgreSQL,Kubernetes","206, Tech Park Avenue, Sector 15",Hyderabad,Telangana,500081,India,Karan Joshi,Spouse,9986535224,emergency11@example.com
ed8b10af-fdb1-4e6d-9617-a9c1f212be30,Karan,Joshi,karan.joshi12@tc.com,9876575210,2018-04-11,Platform,Software Engineer,1851212,USD,Full-time,M368920,True,"Spring Boot,SQL,Kafka","110, Tech Park Avenue, Sector 20",Delhi,Delhi,110001,India,Deepak Joshi,Friend,9986557294,emergency12@example.com
eff7fd8a-f601-4e20-a627-51b62006ed9a,Vijay,Gupta,vijay.gupta13@tc.com,9876524874,2025-03-20,Engineering,Data Engineer,1184454,EUR,Full-time,M942631,True,"SQL,PostgreSQL,Java","293, Tech Park Avenue, Sector 9",Hyderabad,Telangana,500081,India,Aditya Gupta,Spouse,9986534967,emergency13@example.com
89b45f0c-61ca-4e77-bc00-bc8e3fb1b6f3,Ananya,Singh,ananya.singh14@tc.com,9876578414,2024-08-26,Information Security,Senior Software Engineer,2158508,EUR,Part-time,M854669,False,"GCP,Terraform,Docker,SQL","396, Tech Park Avenue, Sector 1",Bengaluru,Karnataka,560100,India,Vijay Singh,Parent,9986513120,emergency14@example.com
65ae463b-48b2-4da0-be41-1b8d55921bfa,Arjun,Nair,arjun.nair15@tc.com,9876543502,2018-03-23,Data Engineering,DevOps Engineer,1023038,INR,Part-time,M407203,True,"PostgreSQL,Python,SQL,Java","206, Tech Park Avenue, Sector 15",Pune,Maharashtra,411057,India,Arjun Nair,Sibling,9986571376,emergency15@example.com
c8c18146-5111-447a-95e0-e4e025d9487f,Rohan,Patel,rohan.patel16@tc.com,9876515699,2023-01-18,Cloud Infrastructure,Senior Software Engineer,1244277,EUR,Intern,M276955,True,"Kafka,MySQL,Kubernetes,SQL,Java","147, Tech Park Avenue, Sector 9",Bengaluru,Karnataka,560100,India,Nikhil Patel,Spouse,9986577511,emergency16@example.com
3b98436a-fe89-491a-a411-7117233796d2,Sanjay,Verma,sanjay.verma17@tc.com,9876565022,2025-07-05,Cloud Infrastructure,Software Engineer,717033,EUR,Part-time,M981888,True,"SQL,PostgreSQL,GCP,Spring Boot,AWS","119, Tech Park Avenue, Sector 3",Delhi,Delhi,110001,India,Sanjay Verma,Parent,9986541021,emergency17@example.com
cd09d4a0-f115-4940-9ee6-77f9f7752015,Aditya,Singh,aditya.singh18@tc.com,9876588455,2021-11-17,Engineering,Software Engineer,1314757,USD,Full-time,M628982,True,"Docker,AWS,GCP","66, Tech Park Avenue, Sector 20",Pune,Maharashtra,411057,India,Nikhil Singh,Parent,9986540949,emergency18@example.com
c81eccf0-201a-429d-9e7f-c5e1b8f529a6,Deepak,Malhotra,deepak.malhotra19@tc.com,9876519456,2020-04-22,DevOps,Software Engineer,738387,EUR,Full-time,M477979,True,"Django,Java,PostgreSQL,GCP","323, Tech Park Avenue, Sector 4",Mumbai,Maharashtra,400076,India,Arjun Malhotra,Spouse,9986568688,emergency19@example.com
d7f87f8b-b4f9-44c8-a12e-791bfecf528e,Nikhil,Mishra,nikhil.mishra20@tc.com,9876597717,2018-01-26,Engineering,Software Engineer,1134587,EUR,Full-time,M633970,False,"Java,MySQL,Spring Boot,PostgreSQL,SQL","31, Tech Park Avenue, Sector 12",Mumbai,Maharashtra,400076,India,Ananya Mishra,Spouse,9986532078,emergency20@example.com
06ea530d-d8b5-43af-97cf-3909cdd6c9b3,Priya,Verma,priya.verma21@tc.com,9876568565,2026-02-05,DevOps,Cloud Engineer,708751,USD,Intern,M439878,True,"PostgreSQL,Java,Kubernetes,AWS,Django","195, Tech Park Avenue, Sector 5",Mumbai,Maharashtra,400076,India,Ananya Verma,Friend,9986517566,emergency21@example.com
a80b03a0-3d4f-4c32-b05b-ae2b8dbecac2,Arjun,Singh,arjun.singh22@tc.com,9876561810,2022-05-02,Platform,Software Engineer,1444375,EUR,Full-time,M643546,True,"Docker,Terraform,AWS,SQL","267, Tech Park Avenue, Sector 3",Hyderabad,Telangana,500081,India,Deepak Singh,Parent,9986590051,emergency22@example.com
72ad1a2d-7f39-45e9-9f52-b8f17290a572,Vijay,Iyer,vijay.iyer23@tc.com,9876581369,2026-02-23,Engineering,DevOps Engineer,1509610,EUR,Intern,M396046,True,"PostgreSQL,SQL,Terraform,Kubernetes,AWS","252, Tech Park Avenue, Sector 10",Pune,Maharashtra,411057,India,Rohan Iyer,Sibling,9986510166,emergency23@example.com
5afbf8fb-81e3-411e-adcc-6e487df13435,Aditya,Joshi,aditya.joshi24@tc.com,9876580485,2019-08-21,Cloud Infrastructure,Senior Backend Engineer,2439164,USD,Full-time,M231224,True,"Kafka,Django,SQL,AWS","365, Tech Park Avenue, Sector 6",Pune,Maharashtra,411057,India,Rohan Joshi,Sibling,9986537800,emergency24@example.com
dbde8c39-2afe-4cc5-a103-1cbfc72989d8,Nikhil,Malhotra,nikhil.malhotra25@tc.com,9876528847,2019-04-30,DevOps,Senior Backend Engineer,1694783,INR,Part-time,M137302,True,"Kafka,MySQL,Python,PostgreSQL,Kubernetes","440, Tech Park Avenue, Sector 18",Pune,Maharashtra,411057,India,Sneha Malhotra,Parent,9986515203,emergency25@example.com
199ddd1d-552f-42bd-9b97-42847f9ec7ce,Amit,Jain,amit.jain26@tc.com,9876568896,2022-11-14,DevOps,DevOps Engineer,2270812,INR,Contract,M750741,False,"Terraform,Django,GCP,Python,Spring Boot","287, Tech Park Avenue, Sector 5",Pune,Maharashtra,411057,India,Arjun Jain,Parent,9986580920,emergency26@example.com
fdadb97e-dc33-4121-923f-52c16a69599c,Vijay,Kumar,vijay.kumar27@tc.com,9876587979,2021-11-16,Data Engineering,Cloud Engineer,929267,EUR,Full-time,M630658,False,"PostgreSQL,AWS,Java,Django","469, Tech Park Avenue, Sector 8",Bengaluru,Karnataka,560100,India,Sneha Kumar,Sibling,9986510094,emergency27@example.com
5e593e1a-3025-4d70-9feb-f85310381e76,Rohan,Kumar,rohan.kumar28@tc.com,9876536135,2020-10-01,Cloud Infrastructure,Data Engineer,874581,EUR,Part-time,M355342,True,"GCP,MySQL,Terraform,Kubernetes","363, Tech Park Avenue, Sector 2",Delhi,Delhi,110001,India,Ananya Kumar,Spouse,9986525597,emergency28@example.com
383b9fac-70f2-4c62-91d3-51e3675d42ac,Rohan,Malhotra,rohan.malhotra29@tc.com,9876558707,2024-11-29,Information Security,Software Engineer,1018368,INR,Contract,M488826,False,"Docker,Terraform,SQL,Kafka","408, Tech Park Avenue, Sector 4",Mumbai,Maharashtra,400076,India,Arjun Malhotra,Spouse,9986512545,emergency29@example.com
cebb7210-c673-49c0-a783-6f20bda25675,Vijay,Gupta,vijay.gupta30@tc.com,9876595289,2023-08-26,Data Engineering,Senior Backend Engineer,884285,USD,Intern,M673940,False,"MySQL,Kubernetes,SQL","473, Tech Park Avenue, Sector 16",Hyderabad,Telangana,500081,India,Nikhil Gupta,Friend,9986592810,emergency30@example.com
5aa406b6-4120-4650-877f-877123d8da70,Sneha,Singh,sneha.singh31@tc.com,9876515491,2024-08-17,DevOps,Senior Backend Engineer,2441841,USD,Contract,M512082,False,"Spring Boot,Docker,Django","260, Tech Park Avenue, Sector 17",Pune,Maharashtra,411057,India,Ananya Singh,Parent,9986594112,emergency31@example.com
8b2fe5fc-d223-46e8-a850-56ed25556cd9,Amit,Joshi,amit.joshi32@tc.com,9876513351,2020-05-13,Cloud Infrastructure,Cloud Engineer,1805927,EUR,Part-time,M355630,True,"Java,AWS,PostgreSQL,MySQL","391, Tech Park Avenue, Sector 5",Pune,Maharashtra,411057,India,Aditya Joshi,Parent,9986555839,emergency32@example.com
8609df80-c836-4ac2-9f22-69cac5cf1276,Vijay,Nair,vijay.nair33@tc.com,9876562780,2020-02-12,DevOps,Data Engineer,1583907,EUR,Part-time,M550888,True,"Terraform,Java,AWS,Docker,Spring Boot","495, Tech Park Avenue, Sector 2",Hyderabad,Telangana,500081,India,Arjun Nair,Friend,9986530135,emergency33@example.com
30ff8218-a403-4f67-8b17-f16b8be77822,Sneha,Kumar,sneha.kumar34@tc.com,9876596862,2022-11-22,Engineering,Senior Software Engineer,1038909,INR,Part-time,M732901,True,"GCP,Terraform,Kubernetes,Java","295, Tech Park Avenue, Sector 20",Hyderabad,Telangana,500081,India,Deepak Kumar,Sibling,9986572047,emergency34@example.com
4f8a9a15-a6b1-4484-a1a5-f32638cdd537,Rahul,Joshi,rahul.joshi35@tc.com,9876561647,2025-02-10,Information Security,Data Engineer,2213464,INR,Intern,M973949,False,"Java,Docker,Kubernetes,Kafka","497, Tech Park Avenue, Sector 15",Pune,Maharashtra,411057,India,Aditya Joshi,Friend,9986518442,emergency35@example.com
39fa16c8-3b30-4673-b23c-981ff7faae5b,Priya,Gupta,priya.gupta36@tc.com,9876510408,2022-07-27,DevOps,Full Stack Engineer,2320394,USD,Intern,M959290,True,"Terraform,SQL,Kubernetes,Kafka","169, Tech Park Avenue, Sector 13",Mumbai,Maharashtra,400076,India,Aditya Gupta,Spouse,9986568632,emergency36@example.com
cc79cae2-c6de-445a-97dc-5faa7239bc12,Ananya,Mishra,ananya.mishra37@tc.com,9876529578,2018-08-21,Platform,Data Engineer,923860,USD,Contract,M728701,False,"Spring Boot,GCP,Terraform,Kafka,Django","479, Tech Park Avenue, Sector 13",Delhi,Delhi,110001,India,Vikram Mishra,Spouse,9986581893,emergency37@example.com
5e841e95-a666-4db5-b5b6-452b9eb621a9,Amit,Reddy,amit.reddy38@tc.com,9876548196,2021-04-01,DevOps,Software Engineer,1568412,INR,Intern,M615822,False,"MySQL,Terraform,Java","232, Tech Park Avenue, Sector 1",Mumbai,Maharashtra,400076,India,Vijay Reddy,Friend,9986560176,emergency38@example.com
0762f110-d747-4606-9d83-209c050bb726,Nikhil,Iyer,nikhil.iyer39@tc.com,9876564642,2025-10-09,Platform,Backend Engineer,1473139,EUR,Part-time,M838694,True,"Java,Django,Kubernetes","35, Tech Park Avenue, Sector 3",Mumbai,Maharashtra,400076,India,Vikram Iyer,Spouse,9986528326,emergency39@example.com
0e7eb597-8a75-48af-8f51-70acd3a15a67,Ananya,Malhotra,ananya.malhotra40@tc.com,9876569155,2021-12-03,Data Engineering,Senior Backend Engineer,543921,USD,Intern,M583213,True,"MySQL,Docker,PostgreSQL","438, Tech Park Avenue, Sector 18",Delhi,Delhi,110001,India,Ananya Malhotra,Sibling,9986516683,emergency40@example.com
0e6520fd-0a47-4264-8186-c4dc596ca9ca,Rohan,Mishra,rohan.mishra41@tc.com,9876578197,2019-08-17,Engineering,DevOps Engineer,2326484,EUR,Full-time,M469820,True,"AWS,MySQL,Java,Terraform","199, Tech Park Avenue, Sector 7",Bengaluru,Karnataka,560100,India,Rahul Mishra,Sibling,9986543060,emergency41@example.com
08fd83e8-a85b-4088-b476-2f150c942e67,Sanjay,Singh,sanjay.singh42@tc.com,9876563869,2026-02-04,DevOps,Software Engineer,1817301,EUR,Contract,M235637,True,"Kafka,Kubernetes,Django,AWS","353, Tech Park Avenue, Sector 5",Pune,Maharashtra,411057,India,Vikram Singh,Friend,9986572493,emergency42@example.com
0ce0dc16-5548-41df-b356-14e8e41f2107,Sanjay,Rao,sanjay.rao43@tc.com,9876517568,2021-05-16,Information Security,Backend Engineer,2420009,INR,Part-time,M945870,True,"Docker,Kafka,GCP,PostgreSQL","121, Tech Park Avenue, Sector 16",Bengaluru,Karnataka,560100,India,Rohan Rao,Parent,9986595215,emergency43@example.com
16b3e7ac-0a9c-4540-b184-da44be76f5bb,Karan,Rao,karan.rao44@tc.com,9876555394,2024-09-22,Data Engineering,Senior Backend Engineer,601606,USD,Part-time,M999370,True,"Python,MySQL,Kubernetes,Java,Terraform","106, Tech Park Avenue, Sector 9",Hyderabad,Telangana,500081,India,Karan Rao,Sibling,9986574166,emergency44@example.com
af641435-ce31-4830-919a-b0aa7f58f24a,Karan,Verma,karan.verma45@tc.com,9876542556,2022-05-17,Platform,Senior Backend Engineer,1656950,EUR,Intern,M757841,True,"Django,GCP,Docker","157, Tech Park Avenue, Sector 20",Hyderabad,Telangana,500081,India,Deepak Verma,Sibling,9986524727,emergency45@example.com
7e05a7fc-7cba-4e85-9b21-eab8956407cf,Vikram,Kumar,vikram.kumar46@tc.com,9876551611,2023-07-19,Information Security,Data Engineer,799473,USD,Full-time,M945907,True,"Terraform,Python,PostgreSQL","492, Tech Park Avenue, Sector 20",Bengaluru,Karnataka,560100,India,Sanjay Kumar,Parent,9986528957,emergency46@example.com
d8a44f50-4749-4a31-bc35-56500903afcc,Vijay,Gupta,vijay.gupta47@tc.com,9876578521,2021-07-17,Cloud Infrastructure,Software Engineer,2439525,USD,Part-time,M557439,True,"Docker,GCP,MySQL","327, Tech Park Avenue, Sector 19",Hyderabad,Telangana,500081,India,Amit Gupta,Sibling,9986567579,emergency47@example.com
558026cb-3e8d-4dfa-91f7-10506982f865,Karan,Singh,karan.singh48@tc.com,9876510468,2018-08-06,Engineering,Data Engineer,804917,EUR,Part-time,M961186,True,"Java,Python,MySQL,GCP,Kafka","267, Tech Park Avenue, Sector 13",Hyderabad,Telangana,500081,India,Sneha Singh,Sibling,9986515428,emergency48@example.com
89fe8e2b-115a-41f0-a9d7-a576ff31f632,Sanjay,Reddy,sanjay.reddy49@tc.com,9876572086,2023-08-03,Information Security,Software Engineer,1807533,USD,Full-time,M340243,True,"Python,AWS,Django,GCP","158, Tech Park Avenue, Sector 12",Delhi,Delhi,110001,India,Priya Reddy,Sibling,9986576958,emergency49@example.com
a8e873b4-2908-4b59-a511-5bdff3ea0423,Priya,Patel,priya.patel50@tc.com,9876517674,2024-08-15,Cloud Infrastructure,Backend Engineer,1289184,USD,Part-time,M430241,True,"Django,Spring Boot,MySQL","92, Tech Park Avenue, Sector 19",Pune,Maharashtra,411057,India,Amit Patel,Parent,9986527257,emergency50@example.com
27ddbc77-a0e8-41a3-8deb-d490c0700cff,Priya,Jain,priya.jain51@tc.com,9876516135,2021-01-09,DevOps,Full Stack Engineer,1979177,USD,Part-time,M544961,True,"SQL,Docker,MySQL","270, Tech Park Avenue, Sector 6",Mumbai,Maharashtra,400076,India,Karan Jain,Parent,9986546567,emergency51@example.com
5e9ab1e9-126d-4349-87b1-81831c626907,Arjun,Patel,arjun.patel52@tc.com,9876531551,2025-07-08,Information Security,Cloud Engineer,689537,EUR,Contract,M350721,False,"Django,MySQL,Terraform,Java","493, Tech Park Avenue, Sector 3",Mumbai,Maharashtra,400076,India,Deepak Patel,Friend,9986511961,emergency52@example.com
9d0c59e0-7fd5-4713-b413-0af1591909a2,Vikram,Patel,vikram.patel53@tc.com,9876528850,2021-10-04,Engineering,Cloud Engineer,1292252,INR,Full-time,M715465,False,"Python,Kubernetes,MySQL","257, Tech Park Avenue, Sector 1",Hyderabad,Telangana,500081,India,Sanjay Patel,Sibling,9986516048,emergency53@example.com
af510f23-314f-4693-9ccd-db4615d15497,Rahul,Malhotra,rahul.malhotra54@tc.com,9876560764,2022-12-29,Information Security,Senior Software Engineer,2474636,EUR,Part-time,M605164,False,"Java,Spring Boot,GCP,Terraform,AWS","54, Tech Park Avenue, Sector 8",Delhi,Delhi,110001,India,Sneha Malhotra,Parent,9986591811,emergency54@example.com
90d4982f-25ff-4565-bd7e-d65de93e3a86,Rohan,Jain,rohan.jain55@tc.com,9876541926,2019-01-19,Information Security,DevOps Engineer,2205883,EUR,Full-time,M180609,False,"Kubernetes,Python,Django,MySQL","314, Tech Park Avenue, Sector 7",Pune,Maharashtra,411057,India,Sanjay Jain,Sibling,9986573243,emergency55@example.com
88e1561b-9a04-47dd-91a9-ef884d61e877,Vikram,Patel,vikram.patel56@tc.com,9876565048,2026-02-02,Platform,Full Stack Engineer,823290,EUR,Full-time,M613224,False,"Kafka,Java,Django","82, Tech Park Avenue, Sector 1",Pune,Maharashtra,411057,India,Sanjay Patel,Sibling,9986519288,emergency56@example.com
7e35e748-d943-4229-83cd-67bb72d3ab04,Priya,Singh,priya.singh57@tc.com,9876559387,2018-02-09,Information Security,Cloud Engineer,2295921,INR,Contract,M315167,True,"Kafka,MySQL,Terraform,GCP","293, Tech Park Avenue, Sector 16",Pune,Maharashtra,411057,India,Amit Singh,Friend,9986598589,emergency57@example.com
a1d99989-983c-41cf-94a3-63e289611b1e,Karan,Kumar,karan.kumar58@tc.com,9876599339,2021-06-23,DevOps,Full Stack Engineer,2200769,INR,Part-time,M128662,False,"GCP,AWS,Python,Kubernetes,Spring Boot","407, Tech Park Avenue, Sector 1",Delhi,Delhi,110001,India,Arjun Kumar,Friend,9986594930,emergency58@example.com
749fa027-4a78-4b3e-9b75-61397e14e568,Amit,Rao,amit.rao59@tc.com,9876516418,2022-08-03,DevOps,Full Stack Engineer,870792,INR,Contract,M993694,False,"AWS,Kubernetes,Django,Docker","324, Tech Park Avenue, Sector 5",Pune,Maharashtra,411057,India,Aditya Rao,Sibling,9986514870,emergency59@example.com
026a702d-92a1-432b-95f1-485d3fcd491d,Aditya,Kumar,aditya.kumar60@tc.com,9876533759,2021-05-30,DevOps,Senior Backend Engineer,491627,INR,Intern,M144473,True,"AWS,Kubernetes,MySQL","29, Tech Park Avenue, Sector 11",Bengaluru,Karnataka,560100,India,Rahul Kumar,Parent,9986566890,emergency60@example.com
01a5bbc7-6953-4eb7-92f6-d4b9cc044aef,Rahul,Verma,rahul.verma61@tc.com,9876575914,2018-02-25,Data Engineering,Senior Backend Engineer,842260,EUR,Contract,M289795,True,"Spring Boot,MySQL,Python","115, Tech Park Avenue, Sector 5",Pune,Maharashtra,411057,India,Aditya Verma,Sibling,9986583737,emergency61@example.com
b1c15669-84bc-48f5-b450-daac41167d74,Rahul,Jain,rahul.jain62@tc.com,9876587478,2021-08-13,Data Engineering,Full Stack Engineer,1568513,USD,Intern,M175394,True,"Spring Boot,SQL,Docker","272, Tech Park Avenue, Sector 6",Mumbai,Maharashtra,400076,India,Arjun Jain,Parent,9986586114,emergency62@example.com
6b22f40e-930b-495f-a551-271ce9d11222,Aditya,Patel,aditya.patel63@tc.com,9876522038,2022-10-09,DevOps,Data Engineer,2241694,USD,Full-time,M418368,True,"Python,PostgreSQL,GCP,AWS,Docker","305, Tech Park Avenue, Sector 9",Mumbai,Maharashtra,400076,India,Sanjay Patel,Friend,9986584035,emergency63@example.com
96af307f-d39a-4cb0-8454-a24a858469be,Sanjay,Reddy,sanjay.reddy64@tc.com,9876528448,2018-04-20,DevOps,Full Stack Engineer,1892535,INR,Intern,M300530,True,"Python,MySQL,Docker","78, Tech Park Avenue, Sector 7",Pune,Maharashtra,411057,India,Arjun Reddy,Friend,9986576261,emergency64@example.com
26b54b8a-e80e-426b-9088-43a06fa53ed5,Vijay,Sharma,vijay.sharma65@tc.com,9876576926,2021-09-30,Platform,Data Engineer,2083906,INR,Part-time,M592893,True,"Java,Python,PostgreSQL","103, Tech Park Avenue, Sector 2",Delhi,Delhi,110001,India,Karan Sharma,Sibling,9986575288,emergency65@example.com
78cccb7c-9663-4b69-bac1-b8d09db6e541,Amit,Gupta,amit.gupta66@tc.com,9876555941,2024-01-06,Data Engineering,Data Engineer,2442230,INR,Intern,M743050,True,"SQL,Python,Docker","177, Tech Park Avenue, Sector 2",Bengaluru,Karnataka,560100,India,Vikram Gupta,Spouse,9986550268,emergency66@example.com
093a27d9-3ca4-47a0-ba24-5005396f5bce,Arjun,Jain,arjun.jain67@tc.com,9876572706,2022-12-22,Cloud Infrastructure,Full Stack Engineer,1536109,INR,Full-time,M542773,True,"Java,AWS,Kubernetes,PostgreSQL","477, Tech Park Avenue, Sector 16",Hyderabad,Telangana,500081,India,Rohan Jain,Parent,9986514223,emergency67@example.com
e6b88c45-3be2-4cea-90c2-ba1560f5428e,Priya,Jain,priya.jain68@tc.com,9876588345,2020-03-15,Cloud Infrastructure,DevOps Engineer,2244758,USD,Contract,M731656,True,"Python,Terraform,Docker","448, Tech Park Avenue, Sector 14",Mumbai,Maharashtra,400076,India,Ananya Jain,Friend,9986555828,emergency68@example.com
8b26c4de-4d63-47af-918b-08ddd7919d6c,Karan,Nair,karan.nair69@tc.com,9876548744,2021-07-12,Engineering,Backend Engineer,2017687,INR,Intern,M281176,False,"Java,PostgreSQL,AWS,Terraform,Django","228, Tech Park Avenue, Sector 4",Mumbai,Maharashtra,400076,India,Deepak Nair,Spouse,9986561235,emergency69@example.com
ccaa088f-f54b-47f6-bfab-af4efc790eeb,Vikram,Gupta,vikram.gupta70@tc.com,9876510518,2023-10-15,Platform,Full Stack Engineer,1359109,INR,Contract,M742894,True,"SQL,Django,Kubernetes,AWS","82, Tech Park Avenue, Sector 4",Hyderabad,Telangana,500081,India,Aditya Gupta,Sibling,9986518489,emergency70@example.com
51736c14-1b2d-4df8-96a8-da01866f57ea,Sanjay,Patel,sanjay.patel71@tc.com,9876569218,2021-09-30,Data Engineering,Senior Backend Engineer,1330122,USD,Part-time,M842322,False,"Java,MySQL,Kafka,Kubernetes,Django","290, Tech Park Avenue, Sector 5",Hyderabad,Telangana,500081,India,Deepak Patel,Sibling,9986548609,emergency71@example.com
0c1b9149-ee7e-446c-af48-43006202111b,Nikhil,Iyer,nikhil.iyer72@tc.com,9876544064,2025-10-13,Engineering,Backend Engineer,1716027,USD,Part-time,M687731,False,"Docker,Python,AWS","199, Tech Park Avenue, Sector 9",Delhi,Delhi,110001,India,Rahul Iyer,Sibling,9986553373,emergency72@example.com
fa67aa37-b5ce-40a6-9dc9-9dcb3f5605d0,Arjun,Nair,arjun.nair73@tc.com,9876520322,2025-10-30,Platform,DevOps Engineer,1376352,USD,Full-time,M346392,True,"Docker,Django,Java,SQL","398, Tech Park Avenue, Sector 17",Delhi,Delhi,110001,India,Ananya Nair,Sibling,9986535351,emergency73@example.com
8d8df12b-e65a-4996-9ca6-1a1435be1fcb,Ananya,Mishra,ananya.mishra74@tc.com,9876559608,2024-08-26,Cloud Infrastructure,Software Engineer,540364,USD,Contract,M373680,False,"SQL,GCP,PostgreSQL","116, Tech Park Avenue, Sector 12",Pune,Maharashtra,411057,India,Nikhil Mishra,Spouse,9986534854,emergency74@example.com
5f3f2c41-85b2-4d92-ae74-4329dff2bfac,Karan,Jain,karan.jain75@tc.com,9876519979,2025-02-18,DevOps,Cloud Engineer,1857977,INR,Contract,M652971,True,"AWS,Docker,Python,Kafka","243, Tech Park Avenue, Sector 2",Bengaluru,Karnataka,560100,India,Rahul Jain,Parent,9986552753,emergency75@example.com
83a6ae20-42bc-41e0-8f01-e66e2fb44d18,Amit,Singh,amit.singh76@tc.com,9876594928,2022-02-20,Information Security,Data Engineer,1378281,INR,Contract,M948531,False,"GCP,Spring Boot,MySQL","73, Tech Park Avenue, Sector 10",Hyderabad,Telangana,500081,India,Priya Singh,Friend,9986556984,emergency76@example.com
35ee4f3d-57bd-4174-b739-00588c4c5575,Amit,Verma,amit.verma77@tc.com,9876568677,2020-11-20,Platform,Backend Engineer,1756240,EUR,Part-time,M434721,True,"Kafka,Docker,Terraform,GCP,PostgreSQL","381, Tech Park Avenue, Sector 4",Pune,Maharashtra,411057,India,Ananya Verma,Spouse,9986557646,emergency77@example.com
37b72573-9f5c-412a-b783-30f8328c52d4,Priya,Gupta,priya.gupta78@tc.com,9876562107,2025-10-06,DevOps,Cloud Engineer,594651,USD,Part-time,M162644,True,"SQL,PostgreSQL,GCP,Java","341, Tech Park Avenue, Sector 16",Mumbai,Maharashtra,400076,India,Vikram Gupta,Sibling,9986541888,emergency78@example.com
4877aa8e-77eb-47a5-9d1c-fe6709ee0af6,Rahul,Kumar,rahul.kumar79@tc.com,9876554139,2022-07-12,Information Security,DevOps Engineer,2455964,USD,Part-time,M656129,True,"Python,AWS,Django,Docker","86, Tech Park Avenue, Sector 15",Delhi,Delhi,110001,India,Karan Kumar,Spouse,9986522564,emergency79@example.com
5765c64c-ddb1-4b40-b393-e22d52876b9b,Arjun,Patel,arjun.patel80@tc.com,9876544063,2018-11-15,Platform,Backend Engineer,1142493,EUR,Contract,M358238,True,"SQL,Kafka,Python,Spring Boot,Java","156, Tech Park Avenue, Sector 4",Pune,Maharashtra,411057,India,Nikhil Patel,Spouse,9986574317,emergency80@example.com
4ed59f47-5c7f-4880-a03d-4b8d5dd3f9f2,Ananya,Singh,ananya.singh81@tc.com,9876559550,2018-09-28,Information Security,Data Engineer,2376063,EUR,Full-time,M561540,False,"Docker,Kafka,MySQL","338, Tech Park Avenue, Sector 8",Bengaluru,Karnataka,560100,India,Priya Singh,Parent,9986589776,emergency81@example.com
cf8d3365-5a28-4657-a5cb-8067c4b4e24e,Ananya,Rao,ananya.rao82@tc.com,9876568278,2019-07-13,Engineering,Senior Backend Engineer,690102,USD,Contract,M899872,False,"Spring Boot,Django,Java,GCP,SQL","115, Tech Park Avenue, Sector 8",Pune,Maharashtra,411057,India,Karan Rao,Friend,9986523631,emergency82@example.com
881199b4-a4af-41ba-a22c-ae9055e96493,Rahul,Verma,rahul.verma83@tc.com,9876566521,2025-07-16,Engineering,Senior Software Engineer,1444589,INR,Intern,M198420,True,"AWS,SQL,PostgreSQL","488, Tech Park Avenue, Sector 7",Delhi,Delhi,110001,India,Rahul Verma,Friend,9986562789,emergency83@example.com
448ac0eb-cdb5-4060-acd2-90e2b3d0652d,Priya,Patel,priya.patel84@tc.com,9876598395,2018-04-18,Information Security,Cloud Engineer,1100392,INR,Full-time,M414099,True,"MySQL,Kafka,Kubernetes","402, Tech Park Avenue, Sector 4",Bengaluru,Karnataka,560100,India,Ananya Patel,Parent,9986598249,emergency84@example.com
cdf6f974-cbe9-4508-b30d-814d31b23af9,Vikram,Sharma,vikram.sharma85@tc.com,9876560082,2022-10-11,Data Engineering,Senior Software Engineer,1301734,INR,Contract,M311096,True,"Spring Boot,Java,Python,GCP,PostgreSQL","41, Tech Park Avenue, Sector 4",Hyderabad,Telangana,500081,India,Rohan Sharma,Sibling,9986512085,emergency85@example.com
091e8f94-aca7-4983-9a63-22dabfaa59e3,Rahul,Gupta,rahul.gupta86@tc.com,9876545652,2021-11-14,DevOps,Backend Engineer,1795467,INR,Part-time,M839857,False,"MySQL,Kafka,Spring Boot,Python,Docker","122, Tech Park Avenue, Sector 19",Pune,Maharashtra,411057,India,Arjun Gupta,Parent,9986521926,emergency86@example.com
f0fd453c-6329-423e-ab1b-7ba94e078b59,Aditya,Joshi,aditya.joshi87@tc.com,9876583552,2024-07-18,DevOps,Data Engineer,1223285,EUR,Part-time,M691355,False,"Python,Spring Boot,SQL","136, Tech Park Avenue, Sector 20",Hyderabad,Telangana,500081,India,Karan Joshi,Parent,9986596228,emergency87@example.com
ff22d51e-88eb-4c5d-9def-e4f185f38252,Priya,Joshi,priya.joshi88@tc.com,9876598176,2024-01-28,Engineering,Full Stack Engineer,2334179,EUR,Part-time,M971177,True,"AWS,Kubernetes,MySQL","335, Tech Park Avenue, Sector 4",Delhi,Delhi,110001,India,Karan Joshi,Sibling,9986515436,emergency88@example.com
a8ce7315-6fb3-41c8-8c93-37e1445b327d,Aditya,Sharma,aditya.sharma89@tc.com,9876581219,2020-07-05,Data Engineering,Senior Backend Engineer,2402205,USD,Intern,M322828,False,"Terraform,PostgreSQL,Kubernetes","491, Tech Park Avenue, Sector 10",Hyderabad,Telangana,500081,India,Sanjay Sharma,Sibling,9986594050,emergency89@example.com
b03d2dba-93cc-44fd-af06-5fc1d6fc414b,Vikram,Jain,vikram.jain90@tc.com,9876559674,2023-10-09,DevOps,Data Engineer,1053809,INR,Part-time,M143376,True,"Docker,PostgreSQL,GCP,Kafka","426, Tech Park Avenue, Sector 10",Pune,Maharashtra,411057,India,Priya Jain,Sibling,9986548679,emergency90@example.com
a01fc486-5640-4c06-8436-e0539d0328bb,Rohan,Verma,rohan.verma91@tc.com,9876587713,2020-01-08,Information Security,Data Engineer,677957,EUR,Part-time,M805111,False,"Django,PostgreSQL,SQL,Java","135, Tech Park Avenue, Sector 11",Pune,Maharashtra,411057,India,Sanjay Verma,Friend,9986514631,emergency91@example.com
1c00ebe3-403b-4492-98ef-9f8327bd5c3d,Amit,Patel,amit.patel92@tc.com,9876534546,2022-01-14,Data Engineering,Senior Software Engineer,1371170,EUR,Part-time,M394827,True,"Docker,PostgreSQL,GCP,Terraform,Spring Boot","460, Tech Park Avenue, Sector 19",Mumbai,Maharashtra,400076,India,Vijay Patel,Sibling,9986521343,emergency92@example.com
499d4b64-9f72-4455-a9a5-2d36285bbf95,Deepak,Malhotra,deepak.malhotra93@tc.com,9876515162,2020-12-20,Data Engineering,Senior Backend Engineer,600274,EUR,Intern,M380060,True,"Terraform,Kubernetes,SQL,Java,Python","264, Tech Park Avenue, Sector 16",Pune,Maharashtra,411057,India,Deepak Malhotra,Spouse,9986533409,emergency93@example.com
90096a9f-9f40-493d-aa0e-bbadc3ff6f50,Rohan,Singh,rohan.singh94@tc.com,9876586765,2018-12-25,Platform,Senior Backend Engineer,643660,INR,Contract,M113388,True,"MySQL,Docker,Terraform","131, Tech Park Avenue, Sector 12",Bengaluru,Karnataka,560100,India,Aditya Singh,Sibling,9986530351,emergency94@example.com
302fec0f-3f53-4536-870b-f2a81d1018f9,Sneha,Mishra,sneha.mishra95@tc.com,9876598839,2024-07-04,DevOps,Full Stack Engineer,586185,INR,Contract,M940741,True,"Docker,Python,Terraform","170, Tech Park Avenue, Sector 17",Mumbai,Maharashtra,400076,India,Nikhil Mishra,Spouse,9986526670,emergency95@example.com
160a9486-6c9f-4aa4-825b-7c480fa8897c,Sanjay,Nair,sanjay.nair96@tc.com,9876538524,2025-12-12,Engineering,Data Engineer,748906,USD,Part-time,M112292,False,"Kubernetes,MySQL,SQL,Terraform,Spring Boot","458, Tech Park Avenue, Sector 15",Pune,Maharashtra,411057,India,Vikram Nair,Friend,9986512651,emergency96@example.com
f96b1866-2a0c-4beb-88e8-5186be7a5d95,Amit,Verma,amit.verma97@tc.com,9876551132,2021-06-07,Cloud Infrastructure,Backend Engineer,1240498,USD,Part-time,M878283,True,"GCP,Kafka,PostgreSQL","172, Tech Park Avenue, Sector 20",Pune,Maharashtra,411057,India,Vijay Verma,Parent,9986523579,emergency97@example.com
fe1f7c88-de97-4594-a766-8193872dcb33,Priya,Reddy,priya.reddy98@tc.com,9876521736,2023-01-11,Platform,Data Engineer,1047548,EUR,Part-time,M331842,True,"Spring Boot,AWS,Django","266, Tech Park Avenue, Sector 14",Hyderabad,Telangana,500081,India,Nikhil Reddy,Spouse,9986547935,emergency98@example.com
f7388fab-cb4a-44ad-a7d2-d53d7f41a37c,Rohan,Verma,rohan.verma99@tc.com,9876517869,2025-01-14,DevOps,Cloud Engineer,1719754,EUR,Part-time,M880579,True,"Python,Kafka,Docker,PostgreSQL,MySQL","145, Tech Park Avenue, Sector 7",Pune,Maharashtra,411057,India,Ananya Verma,Friend,9986597525,emergency99@example.com
28cf01ef-c698-4ff4-9eea-5b998ddbde82,Vikram,Patel,vikram.patel100@tc.com,9876517662,2020-09-20,DevOps,Data Engineer,2222791,EUR,Contract,M527167,True,"Terraform,Python,Kubernetes","241, Tech Park Avenue, Sector 2",Delhi,Delhi,110001,India,Ananya Patel,Parent,9986592311,emergency100@example.com
E000010,Employee10,,employee10@amex.com,9000000010,2024-10-10,HR,Business Analyst,50010.00,USD,Active,E000010,true,Java|Spring Boot|PostgreSQL|Docker,"110, Tech Park Avenue, Sector 10",Bengaluru,Karnataka,560010,India,Emergency10,Spouse,8000000010,emergency10@example.com